University Name,College Name,Program Name,Year,Round,Max Scale,UR,OBC,SC,ST,EWS,PwBD
Guru Gobind Singh Indraprastha University,"University School of Law and Legal Studies (USLLS), GGSIPU",B.A. LL.B. (Hons.),2024,Final,750,552.0,496.8,397.44,331.2,507.84,242.88
Guru Gobind Singh Indraprastha University,"Maharaja Agrasen Institute of Management Studies (MAIMS), GGSIPU",B.B.A.,2024,Final,750,497.04,447.34,357.87,298.22,457.28,218.7
Guru Gobind Singh Indraprastha University,"Maharaja Agrasen Institute of Management Studies (MAIMS), GGSIPU",B.C.A.,2024,Final,750,483.36,435.02,348.02,290.02,444.69,212.68
Guru Gobind Singh Indraprastha University,"Maharaja Agrasen Institute of Management Studies (MAIMS), GGSIPU",B.Com. (Hons.),2024,Final,750,487.92,439.13,351.3,292.75,448.89,214.68
Guru Gobind Singh Indraprastha University,"Maharaja Agrasen Institute of Management Studies (MAIMS), GGSIPU",B.A. LL.B. (Hons.),2024,Final,750,524.4,471.96,377.57,314.64,482.45,230.74
Guru Gobind Singh Indraprastha University,"Maharaja Agrasen Institute of Management Studies (MAIMS), GGSIPU",B.A. (Hons.) Journalism,2024,Final,750,469.68,422.71,338.17,281.81,432.11,206.66
Guru Gobind Singh Indraprastha University,"Vivekananda Institute of Professional Studies (VIPS), GGSIPU",B.B.A.,2024,Final,750,491.81,442.63,354.1,295.09,452.47,216.4
Guru Gobind Singh Indraprastha University,"Vivekananda Institute of Professional Studies (VIPS), GGSIPU",B.C.A.,2024,Final,750,478.27,430.44,344.35,286.96,440.01,210.44
Guru Gobind Singh Indraprastha University,"Vivekananda Institute of Professional Studies (VIPS), GGSIPU",B.Com. (Hons.),2024,Final,750,482.78,434.5,347.6,289.67,444.16,212.42
Guru Gobind Singh Indraprastha University,"Vivekananda Institute of Professional Studies (VIPS), GGSIPU",B.A. LL.B. (Hons.),2024,Final,750,518.88,466.99,373.59,311.33,477.37,228.31
Guru Gobind Singh Indraprastha University,"Vivekananda Institute of Professional Studies (VIPS), GGSIPU",B.A. (Hons.) Journalism,2024,Final,750,464.74,418.27,334.61,278.84,427.56,204.49
Guru Gobind Singh Indraprastha University,"Maharaja Surajmal Institute (MSI), GGSIPU",B.B.A.,2024,Final,750,486.58,437.92,350.34,291.95,447.65,214.1
Guru Gobind Singh Indraprastha University,"Maharaja Surajmal Institute (MSI), GGSIPU",B.C.A.,2024,Final,750,473.18,425.86,340.69,283.91,435.33,208.2
Guru Gobind Singh Indraprastha University,"Maharaja Surajmal Institute (MSI), GGSIPU",B.Com. (Hons.),2024,Final,750,477.65,429.88,343.91,286.59,439.44,210.17
Guru Gobind Singh Indraprastha University,"Maharaja Surajmal Institute (MSI), GGSIPU",B.A. (Hons.) Journalism,2024,Final,750,459.79,413.81,331.05,275.87,423.01,202.31
Guru Gobind Singh Indraprastha University,"Jagan Institute of Management Studies (JIMS Rohini), GGSIPU",B.B.A.,2024,Final,750,460.42,414.38,331.5,276.25,423.59,202.58
Guru Gobind Singh Indraprastha University,"Jagan Institute of Management Studies (JIMS Rohini), GGSIPU",B.C.A.,2024,Final,750,447.74,402.97,322.37,268.64,411.92,197.01
Guru Gobind Singh Indraprastha University,"Jagan Institute of Management Studies (JIMS Rohini), GGSIPU",B.Com. (Hons.),2024,Final,750,451.97,406.77,325.42,271.18,415.81,198.87
Guru Gobind Singh Indraprastha University,"Jagan Institute of Management Studies (JIMS Rohini), GGSIPU",B.A. (Hons.) Journalism,2024,Final,750,435.07,391.56,313.25,261.04,400.26,191.43
Guru Gobind Singh Indraprastha University,"University School of Law and Legal Studies (USLLS), GGSIPU",B.A. LL.B. (Hons.),2025,Final,750,563.5,507.15,405.72,338.1,518.42,247.94
Guru Gobind Singh Indraprastha University,"Maharaja Agrasen Institute of Management Studies (MAIMS), GGSIPU",B.B.A.,2025,Final,750,507.39,456.65,365.32,304.43,466.8,223.25
Guru Gobind Singh Indraprastha University,"Maharaja Agrasen Institute of Management Studies (MAIMS), GGSIPU",B.C.A.,2025,Final,750,493.43,444.09,355.27,296.06,453.96,217.11
Guru Gobind Singh Indraprastha University,"Maharaja Agrasen Institute of Management Studies (MAIMS), GGSIPU",B.Com. (Hons.),2025,Final,750,498.08,448.27,358.62,298.85,458.23,219.16
Guru Gobind Singh Indraprastha University,"Maharaja Agrasen Institute of Management Studies (MAIMS), GGSIPU",B.A. LL.B. (Hons.),2025,Final,750,535.33,481.8,385.44,321.2,492.5,235.55
Guru Gobind Singh Indraprastha University,"Maharaja Agrasen Institute of Management Studies (MAIMS), GGSIPU",B.A. (Hons.) Journalism,2025,Final,750,479.46,431.51,345.21,287.68,441.1,210.96
Guru Gobind Singh Indraprastha University,"Vivekananda Institute of Professional Studies (VIPS), GGSIPU",B.B.A.,2025,Final,750,502.05,451.85,361.48,301.23,461.89,220.9
Guru Gobind Singh Indraprastha University,"Vivekananda Institute of Professional Studies (VIPS), GGSIPU",B.C.A.,2025,Final,750,488.24,439.42,351.53,292.94,449.18,214.83
Guru Gobind Singh Indraprastha University,"Vivekananda Institute of Professional Studies (VIPS), GGSIPU",B.Com. (Hons.),2025,Final,750,492.84,443.56,354.84,295.7,453.41,216.85
Guru Gobind Singh Indraprastha University,"Vivekananda Institute of Professional Studies (VIPS), GGSIPU",B.A. LL.B. (Hons.),2025,Final,750,529.69,476.72,381.38,317.81,487.31,233.06
Guru Gobind Singh Indraprastha University,"Vivekananda Institute of Professional Studies (VIPS), GGSIPU",B.A. (Hons.) Journalism,2025,Final,750,474.42,426.98,341.58,284.65,436.47,208.74
Guru Gobind Singh Indraprastha University,"Maharaja Surajmal Institute (MSI), GGSIPU",B.B.A.,2025,Final,750,496.71,447.04,357.63,298.03,456.97,218.55
Guru Gobind Singh Indraprastha University,"Maharaja Surajmal Institute (MSI), GGSIPU",B.C.A.,2025,Final,750,483.04,434.74,347.79,289.82,444.4,212.54
Guru Gobind Singh Indraprastha University,"Maharaja Surajmal Institute (MSI), GGSIPU",B.Com. (Hons.),2025,Final,750,487.6,438.84,351.07,292.56,448.59,214.54
Guru Gobind Singh Indraprastha University,"Maharaja Surajmal Institute (MSI), GGSIPU",B.A. (Hons.) Journalism,2025,Final,750,469.37,422.43,337.95,281.62,431.82,206.52
Guru Gobind Singh Indraprastha University,"Jagan Institute of Management Studies (JIMS Rohini), GGSIPU",B.B.A.,2025,Final,750,470.01,423.01,338.41,282.01,432.41,206.8
Guru Gobind Singh Indraprastha University,"Jagan Institute of Management Studies (JIMS Rohini), GGSIPU",B.C.A.,2025,Final,750,457.07,411.36,329.09,274.24,420.5,201.11
Guru Gobind Singh Indraprastha University,"Jagan Institute of Management Studies (JIMS Rohini), GGSIPU",B.Com. (Hons.),2025,Final,750,461.38,415.24,332.19,276.83,424.47,203.01
Guru Gobind Singh Indraprastha University,"Jagan Institute of Management Studies (JIMS Rohini), GGSIPU",B.A. (Hons.) Journalism,2025,Final,750,444.14,399.73,319.78,266.48,408.61,195.42
Guru Gobind Singh Indraprastha University,"University School of Law and Legal Studies (USLLS), GGSIPU",B.A. LL.B. (Hons.),2026,Final,750,575.0,517.5,414.0,345.0,529.0,253.0
Guru Gobind Singh Indraprastha University,"Maharaja Agrasen Institute of Management Studies (MAIMS), GGSIPU",B.B.A.,2026,Final,750,517.75,465.98,372.78,310.65,476.33,227.81
Guru Gobind Singh Indraprastha University,"Maharaja Agrasen Institute of Management Studies (MAIMS), GGSIPU",B.C.A.,2026,Final,750,503.5,453.15,362.52,302.1,463.22,221.54
Guru Gobind Singh Indraprastha University,"Maharaja Agrasen Institute of Management Studies (MAIMS), GGSIPU",B.Com. (Hons.),2026,Final,750,508.25,457.43,365.94,304.95,467.59,223.63
Guru Gobind Singh Indraprastha University,"Maharaja Agrasen Institute of Management Studies (MAIMS), GGSIPU",B.A. LL.B. (Hons.),2026,Final,750,546.25,491.62,393.3,327.75,502.55,240.35
Guru Gobind Singh Indraprastha University,"Maharaja Agrasen Institute of Management Studies (MAIMS), GGSIPU",B.A. (Hons.) Journalism,2026,Final,750,489.25,440.32,352.26,293.55,450.11,215.27
Guru Gobind Singh Indraprastha University,"Vivekananda Institute of Professional Studies (VIPS), GGSIPU",B.B.A.,2026,Final,750,512.3,461.07,368.86,307.38,471.32,225.41
Guru Gobind Singh Indraprastha University,"Vivekananda Institute of Professional Studies (VIPS), GGSIPU",B.C.A.,2026,Final,750,498.2,448.38,358.7,298.92,458.34,219.21
Guru Gobind Singh Indraprastha University,"Vivekananda Institute of Professional Studies (VIPS), GGSIPU",B.Com. (Hons.),2026,Final,750,502.9,452.61,362.09,301.74,462.67,221.28
Guru Gobind Singh Indraprastha University,"Vivekananda Institute of Professional Studies (VIPS), GGSIPU",B.A. LL.B. (Hons.),2026,Final,750,540.5,486.45,389.16,324.3,497.26,237.82
Guru Gobind Singh Indraprastha University,"Vivekananda Institute of Professional Studies (VIPS), GGSIPU",B.A. (Hons.) Journalism,2026,Final,750,484.1,435.69,348.55,290.46,445.37,213.0
Guru Gobind Singh Indraprastha University,"Maharaja Surajmal Institute (MSI), GGSIPU",B.B.A.,2026,Final,750,506.85,456.17,364.93,304.11,466.3,223.01
Guru Gobind Singh Indraprastha University,"Maharaja Surajmal Institute (MSI), GGSIPU",B.C.A.,2026,Final,750,492.9,443.61,354.89,295.74,453.47,216.88
Guru Gobind Singh Indraprastha University,"Maharaja Surajmal Institute (MSI), GGSIPU",B.Com. (Hons.),2026,Final,750,497.55,447.8,358.24,298.53,457.75,218.92
Guru Gobind Singh Indraprastha University,"Maharaja Surajmal Institute (MSI), GGSIPU",B.A. (Hons.) Journalism,2026,Final,750,478.95,431.06,344.84,287.37,440.63,210.74
Guru Gobind Singh Indraprastha University,"Jagan Institute of Management Studies (JIMS Rohini), GGSIPU",B.B.A.,2026,Final,750,479.6,431.64,345.31,287.76,441.23,211.02
Guru Gobind Singh Indraprastha University,"Jagan Institute of Management Studies (JIMS Rohini), GGSIPU",B.C.A.,2026,Final,750,466.4,419.76,335.81,279.84,429.09,205.22
Guru Gobind Singh Indraprastha University,"Jagan Institute of Management Studies (JIMS Rohini), GGSIPU",B.Com. (Hons.),2026,Final,750,470.8,423.72,338.98,282.48,433.14,207.15
Guru Gobind Singh Indraprastha University,"Jagan Institute of Management Studies (JIMS Rohini), GGSIPU",B.A. (Hons.) Journalism,2026,Final,750,453.2,407.88,326.3,271.92,416.94,199.41
